{"MAE":0.8734996265,"RMSE":5.8752735679,"R2":0.9959629021}